<sdm:sdm xmlns:sdm="http://crownking/sdm" xmlns:xsi="http://www.w3.org/2001/XMLSchema-instance" xsi:schemaLocation="http://crownking/sdm ../../schema/sdm/sdm.xsd">
  <sdm:version sdm:filename="sdmICD4.xml" sdm:major="0" sdm:minor="0" sdm:rev="0"/>
  <sdm:devicecapabilities>
    <sdm:device sdm:devicename="PIC32MZ0512EFE064" sdm:profile="ejtagonlyiflowtrace2"/>
    <sdm:device sdm:devicename="PIC32MZ0512EFE100" sdm:profile="ejtagonlyiflowtrace2"/>
    <sdm:device sdm:devicename="PIC32MZ0512EFE124" sdm:profile="ejtagonlyiflowtrace2"/>
    <sdm:device sdm:devicename="PIC32MZ0512EFE144" sdm:profile="ejtagonlyiflowtrace2"/>
    <sdm:device sdm:devicename="PIC32MZ0512EFF064" sdm:profile="ejtagonlyiflowtrace2"/>
    <sdm:device sdm:devicename="PIC32MZ0512EFF100" sdm:profile="ejtagonlyiflowtrace2"/>
    <sdm:device sdm:devicename="PIC32MZ0512EFF124" sdm:profile="ejtagonlyiflowtrace2"/>
    <sdm:device sdm:devicename="PIC32MZ0512EFF144" sdm:profile="ejtagonlyiflowtrace2"/>
    <sdm:device sdm:devicename="PIC32MZ0512EFK064" sdm:profile="ejtagonlyiflowtrace2"/>
    <sdm:device sdm:devicename="PIC32MZ0512EFK100" sdm:profile="ejtagonlyiflowtrace2"/>
    <sdm:device sdm:devicename="PIC32MZ0512EFK124" sdm:profile="ejtagonlyiflowtrace2"/>
    <sdm:device sdm:devicename="PIC32MZ0512EFK144" sdm:profile="ejtagonlyiflowtrace2"/>
    <sdm:device sdm:devicename="PIC32MZ1024EFE064" sdm:profile="ejtagonlyiflowtrace2"/>
    <sdm:device sdm:devicename="PIC32MZ1024EFE100" sdm:profile="ejtagonlyiflowtrace2"/>
    <sdm:device sdm:devicename="PIC32MZ1024EFE124" sdm:profile="ejtagonlyiflowtrace2"/>
    <sdm:device sdm:devicename="PIC32MZ1024EFE144" sdm:profile="ejtagonlyiflowtrace2"/>
    <sdm:device sdm:devicename="PIC32MZ1024EFF064" sdm:profile="ejtagonlyiflowtrace2"/>
    <sdm:device sdm:devicename="PIC32MZ1024EFF100" sdm:profile="ejtagonlyiflowtrace2"/>
    <sdm:device sdm:devicename="PIC32MZ1024EFF124" sdm:profile="ejtagonlyiflowtrace2"/>
    <sdm:device sdm:devicename="PIC32MZ1024EFF144" sdm:profile="ejtagonlyiflowtrace2"/>
    <sdm:device sdm:devicename="PIC32MZ1024EFG064" sdm:profile="ejtagonlyiflowtrace2"/>
    <sdm:device sdm:devicename="PIC32MZ1024EFG100" sdm:profile="ejtagonlyiflowtrace2"/>
    <sdm:device sdm:devicename="PIC32MZ1024EFG124" sdm:profile="ejtagonlyiflowtrace2"/>
    <sdm:device sdm:devicename="PIC32MZ1024EFG144" sdm:profile="ejtagonlyiflowtrace2"/>
    <sdm:device sdm:devicename="PIC32MZ1024EFH064" sdm:profile="ejtagonlyiflowtrace2"/>
    <sdm:device sdm:devicename="PIC32MZ1024EFH100" sdm:profile="ejtagonlyiflowtrace2"/>
    <sdm:device sdm:devicename="PIC32MZ1024EFH124" sdm:profile="ejtagonlyiflowtrace2"/>
    <sdm:device sdm:devicename="PIC32MZ1024EFH144" sdm:profile="ejtagonlyiflowtrace2"/>
    <sdm:device sdm:devicename="PIC32MZ1024EFK064" sdm:profile="ejtagonlyiflowtrace2"/>
    <sdm:device sdm:devicename="PIC32MZ1024EFK100" sdm:profile="ejtagonlyiflowtrace2"/>
    <sdm:device sdm:devicename="PIC32MZ1024EFK124" sdm:profile="ejtagonlyiflowtrace2"/>
    <sdm:device sdm:devicename="PIC32MZ1024EFK144" sdm:profile="ejtagonlyiflowtrace2"/>
    <sdm:device sdm:devicename="PIC32MZ1024EFM064" sdm:profile="ejtagonlyiflowtrace2"/>
    <sdm:device sdm:devicename="PIC32MZ1024EFM100" sdm:profile="ejtagonlyiflowtrace2"/>
    <sdm:device sdm:devicename="PIC32MZ1024EFM124" sdm:profile="ejtagonlyiflowtrace2"/>
    <sdm:device sdm:devicename="PIC32MZ1024EFM144" sdm:profile="ejtagonlyiflowtrace2"/>
    <sdm:device sdm:devicename="PIC32MZ2048EFG064" sdm:profile="ejtagonlyiflowtrace2"/>
    <sdm:device sdm:devicename="PIC32MZ2048EFG100" sdm:profile="ejtagonlyiflowtrace2"/>
    <sdm:device sdm:devicename="PIC32MZ2048EFG124" sdm:profile="ejtagonlyiflowtrace2"/>
    <sdm:device sdm:devicename="PIC32MZ2048EFG144" sdm:profile="ejtagonlyiflowtrace2"/>
    <sdm:device sdm:devicename="PIC32MZ2048EFH064" sdm:profile="ejtagonlyiflowtrace2"/>
    <sdm:device sdm:devicename="PIC32MZ2048EFH100" sdm:profile="ejtagonlyiflowtrace2"/>
    <sdm:device sdm:devicename="PIC32MZ2048EFH124" sdm:profile="ejtagonlyiflowtrace2"/>
    <sdm:device sdm:devicename="PIC32MZ2048EFH144" sdm:profile="ejtagonlyiflowtrace2"/>
    <sdm:device sdm:devicename="PIC32MZ2048EFM064" sdm:profile="ejtagonlyiflowtrace2"/>
    <sdm:device sdm:devicename="PIC32MZ2048EFM100" sdm:profile="ejtagonlyiflowtrace2"/>
    <sdm:device sdm:devicename="PIC32MZ2048EFM124" sdm:profile="ejtagonlyiflowtrace2"/>
    <sdm:device sdm:devicename="PIC32MZ2048EFM144" sdm:profile="ejtagonlyiflowtrace2"/>
  </sdm:devicecapabilities>
  <sdm:devicechanges>
    <sdm:newdevice sdm:datetime="2019-12-12 10:22:41" sdm:devicename="MCP19132"/>
    <sdm:newdevice sdm:datetime="2019-12-12 10:22:41" sdm:devicename="MCP19133"/>
    <sdm:newdevice sdm:datetime="2019-12-12 10:22:41" sdm:devicename="PIC16F15213"/>
    <sdm:newdevice sdm:datetime="2019-12-12 10:22:41" sdm:devicename="PIC16F15214"/>
    <sdm:newdevice sdm:datetime="2019-12-12 10:22:41" sdm:devicename="PIC16F15223"/>
    <sdm:newdevice sdm:datetime="2019-12-12 10:22:41" sdm:devicename="PIC16F15224"/>
    <sdm:newdevice sdm:datetime="2019-12-12 10:22:41" sdm:devicename="PIC16F15225"/>
    <sdm:newdevice sdm:datetime="2019-12-12 10:22:41" sdm:devicename="PIC16F15243"/>
    <sdm:newdevice sdm:datetime="2019-12-12 10:22:41" sdm:devicename="PIC16F15244"/>
    <sdm:newdevice sdm:datetime="2019-12-12 10:22:41" sdm:devicename="PIC16F15245"/>
    <sdm:newdevice sdm:datetime="2019-12-12 10:22:41" sdm:devicename="MCP19128"/>
    <sdm:newdevice sdm:datetime="2019-12-12 10:22:41" sdm:devicename="PIC18F24Q10"/>
    <sdm:newdevice sdm:datetime="2019-12-12 10:22:41" sdm:devicename="PIC18F26Q10"/>
    <sdm:newdevice sdm:datetime="2019-12-12 10:22:41" sdm:devicename="PIC18F45Q10"/>
    <sdm:newdevice sdm:datetime="2019-12-12 10:22:41" sdm:devicename="PIC18F46Q10"/>
    <sdm:newdevice sdm:datetime="2019-12-12 10:22:41" sdm:devicename="PIC18F26Q43"/>
    <sdm:newdevice sdm:datetime="2019-12-12 10:22:41" sdm:devicename="PIC18F26Q83"/>
    <sdm:newdevice sdm:datetime="2019-12-12 10:22:41" sdm:devicename="PIC18F26Q84"/>
    <sdm:newdevice sdm:datetime="2019-12-12 10:22:41" sdm:devicename="PIC18F55Q43"/>
    <sdm:newdevice sdm:datetime="2019-12-12 10:22:41" sdm:devicename="PIC18F56Q43"/>
    <sdm:newdevice sdm:datetime="2019-12-12 10:22:41" sdm:devicename="PIC18F56Q83"/>
    <sdm:newdevice sdm:datetime="2019-12-12 10:22:41" sdm:devicename="PIC18F56Q84"/>
    <sdm:newdevice sdm:datetime="2019-12-12 10:22:41" sdm:devicename="PIC18F57Q43"/>
    <sdm:newdevice sdm:datetime="2019-12-12 10:22:41" sdm:devicename="PIC18F57Q83"/>
    <sdm:newdevice sdm:datetime="2019-12-12 10:22:41" sdm:devicename="PIC18F57Q84"/>
    <sdm:newdevice sdm:datetime="2019-12-12 10:22:41" sdm:devicename="PIC18F45Q43"/>
    <sdm:newdevice sdm:datetime="2019-12-12 10:22:41" sdm:devicename="PIC18F25Q43"/>
    <sdm:newdevice sdm:datetime="2019-12-12 10:22:41" sdm:devicename="PIC18F25Q10"/>
    <sdm:newdevice sdm:datetime="2019-12-12 10:22:41" sdm:devicename="PIC18F46Q43"/>
    <sdm:newdevice sdm:datetime="2019-12-12 10:22:41" sdm:devicename="PIC18F46Q83"/>
    <sdm:newdevice sdm:datetime="2019-12-12 10:22:41" sdm:devicename="PIC18F46Q84"/>
    <sdm:newdevice sdm:datetime="2019-12-12 10:22:41" sdm:devicename="PIC18F27Q10"/>
    <sdm:newdevice sdm:datetime="2019-12-12 10:22:41" sdm:devicename="PIC18F27Q43"/>
    <sdm:newdevice sdm:datetime="2019-12-12 10:22:41" sdm:devicename="PIC18F27Q83"/>
    <sdm:newdevice sdm:datetime="2019-12-12 10:22:41" sdm:devicename="PIC18F27Q84"/>
    <sdm:newdevice sdm:datetime="2019-12-12 10:22:41" sdm:devicename="PIC18F47Q10"/>
    <sdm:newdevice sdm:datetime="2019-12-12 10:22:41" sdm:devicename="PIC18F47Q43"/>
    <sdm:newdevice sdm:datetime="2019-12-12 10:22:41" sdm:devicename="PIC18F47Q83"/>
    <sdm:newdevice sdm:datetime="2019-12-12 10:22:41" sdm:devicename="PIC18F47Q84"/>
    <sdm:newdevice sdm:datetime="2019-12-12 10:22:41" sdm:devicename="PIC24FJ64GL302"/>
    <sdm:newdevice sdm:datetime="2019-12-12 10:22:41" sdm:devicename="PIC24FJ64GL303"/>
    <sdm:newdevice sdm:datetime="2019-12-12 10:22:41" sdm:devicename="PIC24FJ64GL305"/>
    <sdm:newdevice sdm:datetime="2019-12-12 10:22:41" sdm:devicename="PIC24FJ64GL306"/>
    <sdm:newdevice sdm:datetime="2019-12-12 10:22:41" sdm:devicename="PIC24FJ128GL302"/>
    <sdm:newdevice sdm:datetime="2019-12-12 10:22:41" sdm:devicename="PIC24FJ128GL303"/>
    <sdm:newdevice sdm:datetime="2019-12-12 10:22:41" sdm:devicename="PIC24FJ128GL305"/>
    <sdm:newdevice sdm:datetime="2019-12-12 10:22:41" sdm:devicename="PIC24FJ128GL306"/>
    <sdm:newdevice sdm:datetime="2019-12-12 10:22:41" sdm:devicename="PIC24FJ512GL410"/>
    <sdm:newdevice sdm:datetime="2019-12-12 10:22:41" sdm:devicename="PIC24FJ512GU406"/>
    <sdm:newdevice sdm:datetime="2019-12-12 10:22:41" sdm:devicename="PIC24FJ512GU408"/>
    <sdm:newdevice sdm:datetime="2019-12-12 10:22:41" sdm:devicename="PIC24FJ512GU405"/>
    <sdm:newdevice sdm:datetime="2019-12-12 10:22:41" sdm:devicename="PIC24FJ512GL408"/>
    <sdm:newdevice sdm:datetime="2019-12-12 10:22:41" sdm:devicename="PIC24FJ512GL406"/>
    <sdm:newdevice sdm:datetime="2019-12-12 10:22:41" sdm:devicename="PIC24FJ128GU408"/>
    <sdm:newdevice sdm:datetime="2019-12-12 10:22:41" sdm:devicename="PIC24FJ128GL408"/>
    <sdm:newdevice sdm:datetime="2019-12-12 10:22:41" sdm:devicename="PIC24FJ128GU406"/>
    <sdm:newdevice sdm:datetime="2019-12-12 10:22:41" sdm:devicename="PIC24FJ128GU405"/>
    <sdm:newdevice sdm:datetime="2019-12-12 10:22:41" sdm:devicename="PIC24FJ128GL410"/>
    <sdm:newdevice sdm:datetime="2019-12-12 10:22:41" sdm:devicename="PIC24FJ128GL405"/>
    <sdm:newdevice sdm:datetime="2019-12-12 10:22:41" sdm:devicename="PIC24FJ128GU410"/>
    <sdm:newdevice sdm:datetime="2019-12-12 10:22:41" sdm:devicename="PIC24FJ512GL405"/>
    <sdm:newdevice sdm:datetime="2019-12-12 10:22:41" sdm:devicename="PIC24FJ256GU406"/>
    <sdm:newdevice sdm:datetime="2019-12-12 10:22:41" sdm:devicename="PIC24FJ256GL406"/>
    <sdm:newdevice sdm:datetime="2019-12-12 10:22:41" sdm:devicename="PIC24FJ256GU410"/>
    <sdm:newdevice sdm:datetime="2019-12-12 10:22:41" sdm:devicename="PIC24FJ256GU408"/>
    <sdm:newdevice sdm:datetime="2019-12-12 10:22:41" sdm:devicename="PIC24FJ256GU405"/>
    <sdm:newdevice sdm:datetime="2019-12-12 10:22:41" sdm:devicename="PIC24FJ256GL410"/>
    <sdm:newdevice sdm:datetime="2019-12-12 10:22:41" sdm:devicename="PIC24FJ256GL408"/>
    <sdm:newdevice sdm:datetime="2019-12-12 10:22:41" sdm:devicename="PIC24FJ256GL405"/>
    <sdm:newdevice sdm:datetime="2019-12-12 10:22:41" sdm:devicename="PIC24FJ512GU410"/>
    <sdm:newdevice sdm:datetime="2019-12-12 10:22:41" sdm:devicename="PIC24FJ128GL406"/>
    <sdm:newdevice sdm:datetime="2019-12-12 10:22:41" sdm:devicename="dsPIC33CH256MP205"/>
    <sdm:newdevice sdm:datetime="2019-12-12 10:22:41" sdm:devicename="dsPIC33CH256MP205S1"/>
    <sdm:newdevice sdm:datetime="2019-12-12 10:22:41" sdm:devicename="dsPIC33CH256MP206"/>
    <sdm:newdevice sdm:datetime="2019-12-12 10:22:41" sdm:devicename="dsPIC33CH256MP206S1"/>
    <sdm:newdevice sdm:datetime="2019-12-12 10:22:41" sdm:devicename="dsPIC33CH256MP208"/>
    <sdm:newdevice sdm:datetime="2019-12-12 10:22:41" sdm:devicename="dsPIC33CH256MP208S1"/>
    <sdm:newdevice sdm:datetime="2019-12-12 10:22:41" sdm:devicename="dsPIC33CH256MP505"/>
    <sdm:newdevice sdm:datetime="2019-12-12 10:22:41" sdm:devicename="dsPIC33CH256MP505S1"/>
    <sdm:newdevice sdm:datetime="2019-12-12 10:22:41" sdm:devicename="dsPIC33CH256MP506"/>
    <sdm:newdevice sdm:datetime="2019-12-12 10:22:41" sdm:devicename="dsPIC33CH256MP506S1"/>
    <sdm:newdevice sdm:datetime="2019-12-12 10:22:41" sdm:devicename="dsPIC33CH256MP508"/>
    <sdm:newdevice sdm:datetime="2019-12-12 10:22:41" sdm:devicename="dsPIC33CH256MP508S1"/>
    <sdm:newdevice sdm:datetime="2019-12-12 10:22:41" sdm:devicename="dsPIC33CH512MP205"/>
    <sdm:newdevice sdm:datetime="2019-12-12 10:22:41" sdm:devicename="dsPIC33CH512MP205S1"/>
    <sdm:newdevice sdm:datetime="2019-12-12 10:22:41" sdm:devicename="dsPIC33CH512MP206"/>
    <sdm:newdevice sdm:datetime="2019-12-12 10:22:41" sdm:devicename="dsPIC33CH512MP206S1"/>
    <sdm:newdevice sdm:datetime="2019-12-12 10:22:41" sdm:devicename="dsPIC33CH512MP208"/>
    <sdm:newdevice sdm:datetime="2019-12-12 10:22:41" sdm:devicename="dsPIC33CH512MP208S1"/>
    <sdm:newdevice sdm:datetime="2019-12-12 10:22:41" sdm:devicename="dsPIC33CH512MP505"/>
    <sdm:newdevice sdm:datetime="2019-12-12 10:22:41" sdm:devicename="dsPIC33CH512MP505S1"/>
    <sdm:newdevice sdm:datetime="2019-12-12 10:22:41" sdm:devicename="dsPIC33CH512MP506"/>
    <sdm:newdevice sdm:datetime="2019-12-12 10:22:41" sdm:devicename="dsPIC33CH512MP506S1"/>
    <sdm:newdevice sdm:datetime="2019-12-12 10:22:41" sdm:devicename="dsPIC33CH512MP508"/>
    <sdm:newdevice sdm:datetime="2019-12-12 10:22:41" sdm:devicename="dsPIC33CH512MP508S1"/>
    <sdm:newdevice sdm:datetime="2019-12-12 10:22:41" sdm:devicename="dsPIC33CK128MP202"/>
    <sdm:newdevice sdm:datetime="2019-12-12 10:22:41" sdm:devicename="dsPIC33CK128MP203"/>
    <sdm:newdevice sdm:datetime="2019-12-12 10:22:41" sdm:devicename="dsPIC33CK128MP205"/>
    <sdm:newdevice sdm:datetime="2019-12-12 10:22:41" sdm:devicename="dsPIC33CK128MP206"/>
    <sdm:newdevice sdm:datetime="2019-12-12 10:22:41" sdm:devicename="dsPIC33CK128MP208"/>
    <sdm:newdevice sdm:datetime="2019-12-12 10:22:41" sdm:devicename="dsPIC33CK128MP502"/>
    <sdm:newdevice sdm:datetime="2019-12-12 10:22:41" sdm:devicename="dsPIC33CK128MP503"/>
    <sdm:newdevice sdm:datetime="2019-12-12 10:22:41" sdm:devicename="dsPIC33CK128MP505"/>
    <sdm:newdevice sdm:datetime="2019-12-12 10:22:41" sdm:devicename="dsPIC33CK128MP506"/>
    <sdm:newdevice sdm:datetime="2019-12-12 10:22:41" sdm:devicename="dsPIC33CK128MP508"/>
    <sdm:newdevice sdm:datetime="2019-12-12 10:22:41" sdm:devicename="dsPIC33CK256MP202"/>
    <sdm:newdevice sdm:datetime="2019-12-12 10:22:41" sdm:devicename="dsPIC33CK256MP203"/>
    <sdm:newdevice sdm:datetime="2019-12-12 10:22:41" sdm:devicename="dsPIC33CK256MP205"/>
    <sdm:newdevice sdm:datetime="2019-12-12 10:22:41" sdm:devicename="dsPIC33CK256MP206"/>
    <sdm:newdevice sdm:datetime="2019-12-12 10:22:41" sdm:devicename="dsPIC33CK256MP208"/>
    <sdm:newdevice sdm:datetime="2019-12-12 10:22:41" sdm:devicename="dsPIC33CK256MP502"/>
    <sdm:newdevice sdm:datetime="2019-12-12 10:22:41" sdm:devicename="dsPIC33CK256MP503"/>
    <sdm:newdevice sdm:datetime="2019-12-12 10:22:41" sdm:devicename="dsPIC33CK256MP505"/>
    <sdm:newdevice sdm:datetime="2019-12-12 10:22:41" sdm:devicename="dsPIC33CK256MP506"/>
    <sdm:newdevice sdm:datetime="2019-12-12 10:22:41" sdm:devicename="dsPIC33CK256MP508"/>
    <sdm:newdevice sdm:datetime="2019-12-12 10:22:41" sdm:devicename="dsPIC33CK32MC102"/>
    <sdm:newdevice sdm:datetime="2019-12-12 10:22:41" sdm:devicename="dsPIC33CK32MC103"/>
    <sdm:newdevice sdm:datetime="2019-12-12 10:22:41" sdm:devicename="dsPIC33CK32MC105"/>
    <sdm:newdevice sdm:datetime="2019-12-12 10:22:41" sdm:devicename="dsPIC33CK32MP102"/>
    <sdm:newdevice sdm:datetime="2019-12-12 10:22:41" sdm:devicename="dsPIC33CK32MP103"/>
    <sdm:newdevice sdm:datetime="2019-12-12 10:22:41" sdm:devicename="dsPIC33CK32MP105"/>
    <sdm:newdevice sdm:datetime="2019-12-12 10:22:41" sdm:devicename="dsPIC33CK32MP202"/>
    <sdm:newdevice sdm:datetime="2019-12-12 10:22:41" sdm:devicename="dsPIC33CK32MP203"/>
    <sdm:newdevice sdm:datetime="2019-12-12 10:22:41" sdm:devicename="dsPIC33CK32MP205"/>
    <sdm:newdevice sdm:datetime="2019-12-12 10:22:41" sdm:devicename="dsPIC33CK32MP206"/>
    <sdm:newdevice sdm:datetime="2019-12-12 10:22:41" sdm:devicename="dsPIC33CK32MP502"/>
    <sdm:newdevice sdm:datetime="2019-12-12 10:22:41" sdm:devicename="dsPIC33CK32MP503"/>
    <sdm:newdevice sdm:datetime="2019-12-12 10:22:41" sdm:devicename="dsPIC33CK32MP505"/>
    <sdm:newdevice sdm:datetime="2019-12-12 10:22:41" sdm:devicename="dsPIC33CK32MP506"/>
    <sdm:newdevice sdm:datetime="2019-12-12 10:22:41" sdm:devicename="dsPIC33CK64MC102"/>
    <sdm:newdevice sdm:datetime="2019-12-12 10:22:41" sdm:devicename="dsPIC33CK64MC103"/>
    <sdm:newdevice sdm:datetime="2019-12-12 10:22:41" sdm:devicename="dsPIC33CK64MC105"/>
    <sdm:newdevice sdm:datetime="2019-12-12 10:22:41" sdm:devicename="dsPIC33CK64MP102"/>
    <sdm:newdevice sdm:datetime="2019-12-12 10:22:41" sdm:devicename="dsPIC33CK64MP103"/>
    <sdm:newdevice sdm:datetime="2019-12-12 10:22:41" sdm:devicename="dsPIC33CK64MP105"/>
    <sdm:newdevice sdm:datetime="2019-12-12 10:22:41" sdm:devicename="dsPIC33CK64MP202"/>
    <sdm:newdevice sdm:datetime="2019-12-12 10:22:41" sdm:devicename="dsPIC33CK64MP203"/>
    <sdm:newdevice sdm:datetime="2019-12-12 10:22:41" sdm:devicename="dsPIC33CK64MP205"/>
    <sdm:newdevice sdm:datetime="2019-12-12 10:22:41" sdm:devicename="dsPIC33CK64MP206"/>
    <sdm:newdevice sdm:datetime="2019-12-12 10:22:41" sdm:devicename="dsPIC33CK64MP208"/>
    <sdm:newdevice sdm:datetime="2019-12-12 10:22:41" sdm:devicename="dsPIC33CK64MP502"/>
    <sdm:newdevice sdm:datetime="2019-12-12 10:22:41" sdm:devicename="dsPIC33CK64MP503"/>
    <sdm:newdevice sdm:datetime="2019-12-12 10:22:41" sdm:devicename="dsPIC33CK64MP505"/>
    <sdm:newdevice sdm:datetime="2019-12-12 10:22:41" sdm:devicename="dsPIC33CK64MP506"/>
    <sdm:newdevice sdm:datetime="2019-12-12 10:22:41" sdm:devicename="dsPIC33CK64MP508"/>
    <sdm:newdevice sdm:datetime="2019-12-12 10:22:41" sdm:devicename="ATSAME70J19"/>
    <sdm:newdevice sdm:datetime="2019-12-12 10:22:41" sdm:devicename="ATSAME70J19B"/>
    <sdm:newdevice sdm:datetime="2019-12-12 10:22:41" sdm:devicename="ATSAME70J20"/>
    <sdm:newdevice sdm:datetime="2019-12-12 10:22:41" sdm:devicename="ATSAME70J21"/>
    <sdm:newdevice sdm:datetime="2019-12-12 10:22:41" sdm:devicename="ATSAME70N19"/>
    <sdm:newdevice sdm:datetime="2019-12-12 10:22:41" sdm:devicename="ATSAME70N20"/>
    <sdm:newdevice sdm:datetime="2019-12-12 10:22:41" sdm:devicename="ATSAME70N21"/>
    <sdm:newdevice sdm:datetime="2019-12-12 10:22:41" sdm:devicename="ATSAME70Q19"/>
    <sdm:newdevice sdm:datetime="2019-12-12 10:22:41" sdm:devicename="ATSAME70Q20"/>
    <sdm:newdevice sdm:datetime="2019-12-12 10:22:41" sdm:devicename="ATSAME70Q21"/>
    <sdm:newdevice sdm:datetime="2019-12-12 10:22:41" sdm:devicename="ATSAMS70J19"/>
    <sdm:newdevice sdm:datetime="2019-12-12 10:22:41" sdm:devicename="ATSAMS70J20"/>
    <sdm:newdevice sdm:datetime="2019-12-12 10:22:41" sdm:devicename="ATSAMS70J21"/>
    <sdm:newdevice sdm:datetime="2019-12-12 10:22:41" sdm:devicename="ATSAMS70N19"/>
    <sdm:newdevice sdm:datetime="2019-12-12 10:22:41" sdm:devicename="ATSAMS70N20"/>
    <sdm:newdevice sdm:datetime="2019-12-12 10:22:41" sdm:devicename="ATSAMS70N21"/>
    <sdm:newdevice sdm:datetime="2019-12-12 10:22:41" sdm:devicename="ATSAMS70Q19"/>
    <sdm:newdevice sdm:datetime="2019-12-12 10:22:41" sdm:devicename="ATSAMS70Q20"/>
    <sdm:newdevice sdm:datetime="2019-12-12 10:22:41" sdm:devicename="ATSAMS70Q21"/>
    <sdm:newdevice sdm:datetime="2019-12-12 10:22:41" sdm:devicename="ATSAMV70J19B"/>
    <sdm:newdevice sdm:datetime="2019-12-12 10:22:41" sdm:devicename="ATSAMV70J20B"/>
    <sdm:newdevice sdm:datetime="2019-12-12 10:22:41" sdm:devicename="ATSAMV70N19B"/>
    <sdm:newdevice sdm:datetime="2019-12-12 10:22:41" sdm:devicename="ATSAMV70N20B"/>
    <sdm:newdevice sdm:datetime="2019-12-12 10:22:41" sdm:devicename="ATSAMV70Q19B"/>
    <sdm:newdevice sdm:datetime="2019-12-12 10:22:41" sdm:devicename="ATSAMV70Q20B"/>
    <sdm:newdevice sdm:datetime="2019-12-12 10:22:41" sdm:devicename="ATSAMV71J19B"/>
    <sdm:newdevice sdm:datetime="2019-12-12 10:22:41" sdm:devicename="ATSAMV71J20B"/>
    <sdm:newdevice sdm:datetime="2019-12-12 10:22:41" sdm:devicename="ATSAMV71J21B"/>
    <sdm:newdevice sdm:datetime="2019-12-12 10:22:41" sdm:devicename="ATSAMV71N19B"/>
    <sdm:newdevice sdm:datetime="2019-12-12 10:22:41" sdm:devicename="ATSAMV71N20B"/>
    <sdm:newdevice sdm:datetime="2019-12-12 10:22:41" sdm:devicename="ATSAMV71N21B"/>
    <sdm:newdevice sdm:datetime="2019-12-12 10:22:41" sdm:devicename="ATSAMV71Q19B"/>
    <sdm:newdevice sdm:datetime="2019-12-12 10:22:41" sdm:devicename="ATSAMV71Q20B"/>
    <sdm:newdevice sdm:datetime="2019-12-12 10:22:41" sdm:devicename="ATSAMV71Q21B"/>
    <sdm:newdevice sdm:datetime="2019-12-12 10:22:41" sdm:devicename="ATSAMG51G18"/>
    <sdm:newdevice sdm:datetime="2019-12-12 10:22:41" sdm:devicename="ATSAMG51N18"/>
    <sdm:newdevice sdm:datetime="2019-12-12 10:22:41" sdm:devicename="ATSAMG53G19"/>
    <sdm:newdevice sdm:datetime="2019-12-12 10:22:41" sdm:devicename="ATSAMG53N19"/>
    <sdm:newdevice sdm:datetime="2019-12-12 10:22:41" sdm:devicename="ATSAMG54G19"/>
    <sdm:newdevice sdm:datetime="2019-12-12 10:22:41" sdm:devicename="ATSAMG54J19"/>
    <sdm:newdevice sdm:datetime="2019-12-12 10:22:41" sdm:devicename="ATSAMG54N19"/>
    <sdm:newdevice sdm:datetime="2019-12-12 10:22:41" sdm:devicename="ATSAMG55G19"/>
    <sdm:newdevice sdm:datetime="2019-12-12 10:22:41" sdm:devicename="ATSAMG55J19"/>
    <sdm:newdevice sdm:datetime="2019-12-12 10:22:41" sdm:devicename="ATSAML11D14A"/>
    <sdm:newdevice sdm:datetime="2019-12-12 10:22:41" sdm:devicename="ATSAML11D15A"/>
    <sdm:newdevice sdm:datetime="2019-12-12 10:22:41" sdm:devicename="ATSAML11D16A"/>
    <sdm:newdevice sdm:datetime="2019-12-12 10:22:41" sdm:devicename="ATSAML11E14A"/>
    <sdm:newdevice sdm:datetime="2019-12-12 10:22:41" sdm:devicename="ATSAML11E15A"/>
    <sdm:newdevice sdm:datetime="2019-12-12 10:22:41" sdm:devicename="ATSAML11E16A"/>
    <sdm:newdevice sdm:datetime="2019-12-12 10:22:41" sdm:devicename="ATSAML10D14A"/>
    <sdm:newdevice sdm:datetime="2019-12-12 10:22:41" sdm:devicename="ATSAML10D15A"/>
    <sdm:newdevice sdm:datetime="2019-12-12 10:22:41" sdm:devicename="ATSAML10D16A"/>
    <sdm:newdevice sdm:datetime="2019-12-12 10:22:41" sdm:devicename="ATSAML10E14A"/>
    <sdm:newdevice sdm:datetime="2019-12-12 10:22:41" sdm:devicename="ATSAML10E15A"/>
    <sdm:newdevice sdm:datetime="2019-12-12 10:22:41" sdm:devicename="ATSAML10E16A"/>
    <sdm:newdevice sdm:datetime="2019-12-12 10:22:41" sdm:devicename="ATSAML21E15B"/>
    <sdm:newdevice sdm:datetime="2019-12-12 10:22:41" sdm:devicename="ATSAML21E16B"/>
    <sdm:newdevice sdm:datetime="2019-12-12 10:22:41" sdm:devicename="ATSAML21E17B"/>
    <sdm:newdevice sdm:datetime="2019-12-12 10:22:41" sdm:devicename="ATSAML21E18B"/>
    <sdm:newdevice sdm:datetime="2019-12-12 10:22:41" sdm:devicename="ATSAML21G16B"/>
    <sdm:newdevice sdm:datetime="2019-12-12 10:22:41" sdm:devicename="ATSAML21G17B"/>
    <sdm:newdevice sdm:datetime="2019-12-12 10:22:41" sdm:devicename="ATSAML21G18B"/>
    <sdm:newdevice sdm:datetime="2019-12-12 10:22:41" sdm:devicename="ATSAML21J16B"/>
    <sdm:newdevice sdm:datetime="2019-12-12 10:22:41" sdm:devicename="ATSAML21J17B"/>
    <sdm:newdevice sdm:datetime="2019-12-12 10:22:41" sdm:devicename="ATSAML21J18B"/>
    <sdm:newdevice sdm:datetime="2019-12-12 10:22:41" sdm:devicename="ATSAML22G16A"/>
    <sdm:newdevice sdm:datetime="2019-12-12 10:22:41" sdm:devicename="ATSAML22G17A"/>
    <sdm:newdevice sdm:datetime="2019-12-12 10:22:41" sdm:devicename="ATSAML22G18A"/>
    <sdm:newdevice sdm:datetime="2019-12-12 10:22:41" sdm:devicename="ATSAML22J16A"/>
    <sdm:newdevice sdm:datetime="2019-12-12 10:22:41" sdm:devicename="ATSAML22J17A"/>
    <sdm:newdevice sdm:datetime="2019-12-12 10:22:41" sdm:devicename="ATSAML22J18A"/>
    <sdm:newdevice sdm:datetime="2019-12-12 10:22:41" sdm:devicename="ATSAML22N16A"/>
    <sdm:newdevice sdm:datetime="2019-12-12 10:22:41" sdm:devicename="ATSAML22N17A"/>
    <sdm:newdevice sdm:datetime="2019-12-12 10:22:41" sdm:devicename="ATSAML22N18A"/>
    <sdm:newdevice sdm:datetime="2019-12-12 10:22:41" sdm:devicename="ATSAMD09C13A"/>
    <sdm:newdevice sdm:datetime="2019-12-12 10:22:41" sdm:devicename="ATSAMD09D14A"/>
    <sdm:newdevice sdm:datetime="2019-12-12 10:22:41" sdm:devicename="ATSAMD10C13A"/>
    <sdm:newdevice sdm:datetime="2019-12-12 10:22:41" sdm:devicename="ATSAMD10D13AM"/>
    <sdm:newdevice sdm:datetime="2019-12-12 10:22:41" sdm:devicename="ATSAMD10D13AS"/>
    <sdm:newdevice sdm:datetime="2019-12-12 10:22:41" sdm:devicename="ATSAMD10C14A"/>
    <sdm:newdevice sdm:datetime="2019-12-12 10:22:41" sdm:devicename="ATSAMD10D14AM"/>
    <sdm:newdevice sdm:datetime="2019-12-12 10:22:41" sdm:devicename="ATSAMD10D14AS"/>
    <sdm:newdevice sdm:datetime="2019-12-12 10:22:41" sdm:devicename="ATSAMD10D14AU"/>
    <sdm:newdevice sdm:datetime="2019-12-12 10:22:41" sdm:devicename="ATSAMD11C14A"/>
    <sdm:newdevice sdm:datetime="2019-12-12 10:22:41" sdm:devicename="ATSAMD11D14AM"/>
    <sdm:newdevice sdm:datetime="2019-12-12 10:22:41" sdm:devicename="ATSAMD11D14AS"/>
    <sdm:newdevice sdm:datetime="2019-12-12 10:22:41" sdm:devicename="ATSAMD11D14AU"/>
    <sdm:newdevice sdm:datetime="2019-12-12 10:22:41" sdm:devicename="ATSAMD20E14"/>
    <sdm:newdevice sdm:datetime="2019-12-12 10:22:41" sdm:devicename="ATSAMD20E14B"/>
    <sdm:newdevice sdm:datetime="2019-12-12 10:22:41" sdm:devicename="ATSAMD20E15"/>
    <sdm:newdevice sdm:datetime="2019-12-12 10:22:41" sdm:devicename="ATSAMD20E15B"/>
    <sdm:newdevice sdm:datetime="2019-12-12 10:22:41" sdm:devicename="ATSAMD20E16"/>
    <sdm:newdevice sdm:datetime="2019-12-12 10:22:41" sdm:devicename="ATSAMD20E16B"/>
    <sdm:newdevice sdm:datetime="2019-12-12 10:22:41" sdm:devicename="ATSAMD20E17"/>
    <sdm:newdevice sdm:datetime="2019-12-12 10:22:41" sdm:devicename="ATSAMD20E18"/>
    <sdm:newdevice sdm:datetime="2019-12-12 10:22:41" sdm:devicename="ATSAMD20G14"/>
    <sdm:newdevice sdm:datetime="2019-12-12 10:22:41" sdm:devicename="ATSAMD20G14B"/>
    <sdm:newdevice sdm:datetime="2019-12-12 10:22:41" sdm:devicename="ATSAMD20G15"/>
    <sdm:newdevice sdm:datetime="2019-12-12 10:22:41" sdm:devicename="ATSAMD20G15B"/>
    <sdm:newdevice sdm:datetime="2019-12-12 10:22:41" sdm:devicename="ATSAMD20G16"/>
    <sdm:newdevice sdm:datetime="2019-12-12 10:22:41" sdm:devicename="ATSAMD20G16B"/>
    <sdm:newdevice sdm:datetime="2019-12-12 10:22:41" sdm:devicename="ATSAMD20G17"/>
    <sdm:newdevice sdm:datetime="2019-12-12 10:22:41" sdm:devicename="ATSAMD20G18"/>
    <sdm:newdevice sdm:datetime="2019-12-12 10:22:41" sdm:devicename="ATSAMD20J14"/>
    <sdm:newdevice sdm:datetime="2019-12-12 10:22:41" sdm:devicename="ATSAMD20J14B"/>
    <sdm:newdevice sdm:datetime="2019-12-12 10:22:41" sdm:devicename="ATSAMD20J15"/>
    <sdm:newdevice sdm:datetime="2019-12-12 10:22:41" sdm:devicename="ATSAMD20J15B"/>
    <sdm:newdevice sdm:datetime="2019-12-12 10:22:41" sdm:devicename="ATSAMD20J16"/>
    <sdm:newdevice sdm:datetime="2019-12-12 10:22:41" sdm:devicename="ATSAMD20J16B"/>
    <sdm:newdevice sdm:datetime="2019-12-12 10:22:41" sdm:devicename="ATSAMD20J17"/>
    <sdm:newdevice sdm:datetime="2019-12-12 10:22:41" sdm:devicename="ATSAMD21E15B"/>
    <sdm:newdevice sdm:datetime="2019-12-12 10:22:41" sdm:devicename="ATSAMD21E15CU"/>
    <sdm:newdevice sdm:datetime="2019-12-12 10:22:41" sdm:devicename="ATSAMD21E15L"/>
    <sdm:newdevice sdm:datetime="2019-12-12 10:22:41" sdm:devicename="ATSAMD21E16B"/>
    <sdm:newdevice sdm:datetime="2019-12-12 10:22:41" sdm:devicename="ATSAMD21E16CU"/>
    <sdm:newdevice sdm:datetime="2019-12-12 10:22:41" sdm:devicename="ATSAMD21E16L"/>
    <sdm:newdevice sdm:datetime="2019-12-12 10:22:41" sdm:devicename="ATSAMD21E17A"/>
    <sdm:newdevice sdm:datetime="2019-12-12 10:22:41" sdm:devicename="ATSAMD21E17D"/>
    <sdm:newdevice sdm:datetime="2019-12-12 10:22:41" sdm:devicename="ATSAMD21E17L"/>
    <sdm:newdevice sdm:datetime="2019-12-12 10:22:41" sdm:devicename="ATSAMD21E18A"/>
    <sdm:newdevice sdm:datetime="2019-12-12 10:22:41" sdm:devicename="ATSAMD21G15B"/>
    <sdm:newdevice sdm:datetime="2019-12-12 10:22:41" sdm:devicename="ATSAMD21G16B"/>
    <sdm:newdevice sdm:datetime="2019-12-12 10:22:41" sdm:devicename="ATSAMD21G16L"/>
    <sdm:newdevice sdm:datetime="2019-12-12 10:22:41" sdm:devicename="ATSAMD21G17A"/>
    <sdm:newdevice sdm:datetime="2019-12-12 10:22:41" sdm:devicename="ATSAMD21G17D"/>
    <sdm:newdevice sdm:datetime="2019-12-12 10:22:41" sdm:devicename="ATSAMD21G17L"/>
    <sdm:newdevice sdm:datetime="2019-12-12 10:22:41" sdm:devicename="ATSAMD21G18A"/>
    <sdm:newdevice sdm:datetime="2019-12-12 10:22:41" sdm:devicename="ATSAMD21J15B"/>
    <sdm:newdevice sdm:datetime="2019-12-12 10:22:41" sdm:devicename="ATSAMD21J16B"/>
    <sdm:newdevice sdm:datetime="2019-12-12 10:22:41" sdm:devicename="ATSAMD21J17A"/>
    <sdm:newdevice sdm:datetime="2019-12-12 10:22:41" sdm:devicename="ATSAMD21J17D"/>
    <sdm:newdevice sdm:datetime="2019-12-12 10:22:41" sdm:devicename="ATSAMDA1E14B"/>
    <sdm:newdevice sdm:datetime="2019-12-12 10:22:41" sdm:devicename="ATSAMDA1E15B"/>
    <sdm:newdevice sdm:datetime="2019-12-12 10:22:41" sdm:devicename="ATSAMDA1E16B"/>
    <sdm:newdevice sdm:datetime="2019-12-12 10:22:41" sdm:devicename="ATSAMDA1G14B"/>
    <sdm:newdevice sdm:datetime="2019-12-12 10:22:41" sdm:devicename="ATSAMDA1G15B"/>
    <sdm:newdevice sdm:datetime="2019-12-12 10:22:41" sdm:devicename="ATSAMDA1G16B"/>
    <sdm:newdevice sdm:datetime="2019-12-12 10:22:41" sdm:devicename="ATSAMDA1J14B"/>
    <sdm:newdevice sdm:datetime="2019-12-12 10:22:41" sdm:devicename="ATSAMDA1J15B"/>
    <sdm:newdevice sdm:datetime="2019-12-12 10:22:41" sdm:devicename="ATSAMDA1J16B"/>
    <sdm:newdevice sdm:datetime="2019-12-12 10:22:41" sdm:devicename="ATSAMHA1G14A"/>
    <sdm:newdevice sdm:datetime="2019-12-12 10:22:41" sdm:devicename="ATSAMHA1G15A"/>
    <sdm:newdevice sdm:datetime="2019-12-12 10:22:41" sdm:devicename="ATSAMHA1G16A"/>
    <sdm:newdevice sdm:datetime="2019-12-12 10:22:41" sdm:devicename="ATSAMHA1E14AB"/>
    <sdm:newdevice sdm:datetime="2019-12-12 10:22:41" sdm:devicename="ATSAMHA1E15AB"/>
    <sdm:newdevice sdm:datetime="2019-12-12 10:22:41" sdm:devicename="ATSAMHA1E16AB"/>
    <sdm:newdevice sdm:datetime="2019-12-12 10:22:41" sdm:devicename="ATSAMHA1G14AB"/>
    <sdm:newdevice sdm:datetime="2019-12-12 10:22:41" sdm:devicename="ATSAMHA1G15AB"/>
    <sdm:newdevice sdm:datetime="2019-12-12 10:22:41" sdm:devicename="ATSAMHA1G16AB"/>
    <sdm:newdevice sdm:datetime="2019-12-12 10:22:41" sdm:devicename="ATSAMHA0E14AB"/>
    <sdm:newdevice sdm:datetime="2019-12-12 10:22:41" sdm:devicename="ATSAMHA0E15AB"/>
    <sdm:newdevice sdm:datetime="2019-12-12 10:22:41" sdm:devicename="ATSAMHA0E16AB"/>
    <sdm:newdevice sdm:datetime="2019-12-12 10:22:41" sdm:devicename="ATSAMHA0G14AB"/>
    <sdm:newdevice sdm:datetime="2019-12-12 10:22:41" sdm:devicename="ATSAMHA0G15AB"/>
    <sdm:newdevice sdm:datetime="2019-12-12 10:22:41" sdm:devicename="ATSAMHA0G16AB"/>
    <sdm:newdevice sdm:datetime="2019-12-12 10:22:41" sdm:devicename="ATSAMHA0G14RB"/>
    <sdm:newdevice sdm:datetime="2019-12-12 10:22:41" sdm:devicename="ATSAMHA0G14WB"/>
    <sdm:newdevice sdm:datetime="2019-12-12 10:22:41" sdm:devicename="ATSAMHA0G15RB"/>
    <sdm:newdevice sdm:datetime="2019-12-12 10:22:41" sdm:devicename="ATSAMHA0G15WB"/>
    <sdm:newdevice sdm:datetime="2019-12-12 10:22:41" sdm:devicename="ATSAMHA0G16RB"/>
    <sdm:newdevice sdm:datetime="2019-12-12 10:22:41" sdm:devicename="ATSAMHA0G16WB"/>
    <sdm:newdevice sdm:datetime="2019-12-12 10:22:41" sdm:devicename="ATSAMHA1G14RB"/>
    <sdm:newdevice sdm:datetime="2019-12-12 10:22:41" sdm:devicename="ATSAMHA1G15RB"/>
    <sdm:newdevice sdm:datetime="2019-12-12 10:22:41" sdm:devicename="ATSAMHA1G16RB"/>
    <sdm:newdevice sdm:datetime="2019-12-12 10:22:41" sdm:devicename="ATSAMHA1G14WB"/>
    <sdm:newdevice sdm:datetime="2019-12-12 10:22:41" sdm:devicename="ATSAMHA1G15WB"/>
    <sdm:newdevice sdm:datetime="2019-12-12 10:22:41" sdm:devicename="ATSAMHA1G16WB"/>
    <sdm:newdevice sdm:datetime="2019-12-12 10:22:41" sdm:devicename="ATSAMC20E15A"/>
    <sdm:newdevice sdm:datetime="2019-12-12 10:22:41" sdm:devicename="ATSAMC20E16A"/>
    <sdm:newdevice sdm:datetime="2019-12-12 10:22:41" sdm:devicename="ATSAMC20E17A"/>
    <sdm:newdevice sdm:datetime="2019-12-12 10:22:41" sdm:devicename="ATSAMC20E18A"/>
    <sdm:newdevice sdm:datetime="2019-12-12 10:22:41" sdm:devicename="ATSAMC20G15A"/>
    <sdm:newdevice sdm:datetime="2019-12-12 10:22:41" sdm:devicename="ATSAMC20G16A"/>
    <sdm:newdevice sdm:datetime="2019-12-12 10:22:41" sdm:devicename="ATSAMC20G17A"/>
    <sdm:newdevice sdm:datetime="2019-12-12 10:22:41" sdm:devicename="ATSAMC20G18A"/>
    <sdm:newdevice sdm:datetime="2019-12-12 10:22:41" sdm:devicename="ATSAMC20J15A"/>
    <sdm:newdevice sdm:datetime="2019-12-12 10:22:41" sdm:devicename="ATSAMC20J16A"/>
    <sdm:newdevice sdm:datetime="2019-12-12 10:22:41" sdm:devicename="ATSAMC20J17A"/>
    <sdm:newdevice sdm:datetime="2019-12-12 10:22:41" sdm:devicename="ATSAMC20J17AU"/>
    <sdm:newdevice sdm:datetime="2019-12-12 10:22:41" sdm:devicename="ATSAMC20J18A"/>
    <sdm:newdevice sdm:datetime="2019-12-12 10:22:41" sdm:devicename="ATSAMC20J18AU"/>
    <sdm:newdevice sdm:datetime="2019-12-12 10:22:41" sdm:devicename="ATSAMC20N17A"/>
    <sdm:newdevice sdm:datetime="2019-12-12 10:22:41" sdm:devicename="ATSAMC20N18A"/>
    <sdm:newdevice sdm:datetime="2019-12-12 10:22:41" sdm:devicename="ATSAMC21E15A"/>
    <sdm:newdevice sdm:datetime="2019-12-12 10:22:41" sdm:devicename="ATSAMC21E16A"/>
    <sdm:newdevice sdm:datetime="2019-12-12 10:22:41" sdm:devicename="ATSAMC21E17A"/>
    <sdm:newdevice sdm:datetime="2019-12-12 10:22:41" sdm:devicename="ATSAMC21E18A"/>
    <sdm:newdevice sdm:datetime="2019-12-12 10:22:41" sdm:devicename="ATSAMC21G15A"/>
    <sdm:newdevice sdm:datetime="2019-12-12 10:22:41" sdm:devicename="ATSAMC21G16A"/>
    <sdm:newdevice sdm:datetime="2019-12-12 10:22:41" sdm:devicename="ATSAMC21G17A"/>
    <sdm:newdevice sdm:datetime="2019-12-12 10:22:41" sdm:devicename="ATSAMC21G18A"/>
    <sdm:newdevice sdm:datetime="2019-12-12 10:22:41" sdm:devicename="ATSAMC21J15A"/>
    <sdm:newdevice sdm:datetime="2019-12-12 10:22:41" sdm:devicename="ATSAMC21J16A"/>
    <sdm:newdevice sdm:datetime="2019-12-12 10:22:41" sdm:devicename="ATSAMC21J17A"/>
    <sdm:newdevice sdm:datetime="2019-12-12 10:22:41" sdm:devicename="ATSAMC21J18A"/>
    <sdm:newdevice sdm:datetime="2019-12-12 10:22:41" sdm:devicename="ATSAMC21N17A"/>
    <sdm:newdevice sdm:datetime="2019-12-12 10:22:41" sdm:devicename="ATSAMRH71F20B"/>
    <sdm:newdevice sdm:datetime="2019-12-12 10:22:41" sdm:devicename="MEC1501H_B0_SZ"/>
    <sdm:newdevice sdm:datetime="2019-12-12 10:22:41" sdm:devicename="MEC1501H_B0_TF"/>
    <sdm:newdevice sdm:datetime="2019-12-12 10:22:41" sdm:devicename="MEC1501H_B0_Z2"/>
    <sdm:newdevice sdm:datetime="2019-12-12 10:22:41" sdm:devicename="MEC1503H_L1_3Y"/>
    <sdm:newdevice sdm:datetime="2019-12-12 10:22:41" sdm:devicename="MEC1503H_L1_SZ"/>
    <sdm:newdevice sdm:datetime="2019-12-12 10:22:41" sdm:devicename="MEC1507H_B0_SZ"/>
    <sdm:newdevice sdm:datetime="2019-12-12 10:22:41" sdm:devicename="MEC1507H_B0_TF"/>
    <sdm:newdevice sdm:datetime="2019-12-12 10:22:41" sdm:devicename="MEC1515H_D0_NB"/>
    <sdm:newdevice sdm:datetime="2019-12-12 10:22:41" sdm:devicename="DEC1501H_B0_Z2"/>
    <sdm:newdevice sdm:datetime="2019-12-12 10:22:41" sdm:devicename="DEC1515H_D0_Z2"/>
    <sdm:newdevice sdm:datetime="2019-12-12 10:22:41" sdm:devicename="PIC32CX0525SG12144"/>
    <sdm:newdevice sdm:datetime="2019-12-12 10:22:41" sdm:devicename="PIC32CX0525SG12084"/>
    <sdm:newdevice sdm:datetime="2019-12-12 10:22:41" sdm:devicename="PIC32CM5164JH00100_FPGA"/>
    <sdm:newdevice sdm:datetime="2019-12-12 10:22:41" sdm:devicename="PIC32CM5164LS00100_FPGA"/>
    <sdm:newdevice sdm:datetime="2019-12-12 10:22:41" sdm:devicename="PIC32CZ8110CA90208"/>
    <sdm:newdevice sdm:datetime="2019-12-12 10:22:41" sdm:devicename="PIC32CZ8110CA90208S1"/>
    <sdm:newdevice sdm:datetime="2019-12-12 10:22:41" sdm:devicename="PIC32CZ8110CA90208_FPGA"/>
    <sdm:newdevice sdm:datetime="2019-12-12 10:22:41" sdm:devicename="PIC32CZ8110CA90208S1_FPGA"/>
    <sdm:newdevice sdm:datetime="2019-12-12 10:22:41" sdm:devicename="ATSAMD51G18A"/>
    <sdm:newdevice sdm:datetime="2019-12-12 10:22:41" sdm:devicename="ATSAMD51G19A"/>
    <sdm:newdevice sdm:datetime="2019-12-12 10:22:41" sdm:devicename="ATSAMD51J18A"/>
    <sdm:newdevice sdm:datetime="2019-12-12 10:22:41" sdm:devicename="ATSAMD51J19A"/>
    <sdm:newdevice sdm:datetime="2019-12-12 10:22:41" sdm:devicename="ATSAMD51J20A"/>
    <sdm:newdevice sdm:datetime="2019-12-12 10:22:41" sdm:devicename="ATSAMD51N19A"/>
    <sdm:newdevice sdm:datetime="2019-12-12 10:22:41" sdm:devicename="ATSAMD51N20A"/>
    <sdm:newdevice sdm:datetime="2019-12-12 10:22:41" sdm:devicename="ATSAMD51P19A"/>
    <sdm:newdevice sdm:datetime="2019-12-12 10:22:41" sdm:devicename="ATSAMD51P20A"/>
    <sdm:newdevice sdm:datetime="2019-12-12 10:22:41" sdm:devicename="ATSAME51J18A"/>
    <sdm:newdevice sdm:datetime="2019-12-12 10:22:41" sdm:devicename="ATSAME51J19A"/>
    <sdm:newdevice sdm:datetime="2019-12-12 10:22:41" sdm:devicename="ATSAME51J20A"/>
    <sdm:newdevice sdm:datetime="2019-12-12 10:22:41" sdm:devicename="ATSAME51N19A"/>
    <sdm:newdevice sdm:datetime="2019-12-12 10:22:41" sdm:devicename="ATSAME51N20A"/>
    <sdm:newdevice sdm:datetime="2019-12-12 10:22:41" sdm:devicename="ATSAME51G18A"/>
    <sdm:newdevice sdm:datetime="2019-12-12 10:22:41" sdm:devicename="ATSAME51G19A"/>
    <sdm:newdevice sdm:datetime="2019-12-12 10:22:41" sdm:devicename="ATSAME53J18A"/>
    <sdm:newdevice sdm:datetime="2019-12-12 10:22:41" sdm:devicename="ATSAME53J19A"/>
    <sdm:newdevice sdm:datetime="2019-12-12 10:22:41" sdm:devicename="ATSAME53J20A"/>
    <sdm:newdevice sdm:datetime="2019-12-12 10:22:41" sdm:devicename="ATSAME53N19A"/>
    <sdm:newdevice sdm:datetime="2019-12-12 10:22:41" sdm:devicename="ATSAME53N20A"/>
    <sdm:newdevice sdm:datetime="2019-12-12 10:22:41" sdm:devicename="ATSAME54P19A"/>
    <sdm:newdevice sdm:datetime="2019-12-12 10:22:41" sdm:devicename="ATSAME54P20A"/>
    <sdm:newdevice sdm:datetime="2019-12-12 10:22:41" sdm:devicename="ATSAME54N19A"/>
    <sdm:newdevice sdm:datetime="2019-12-12 10:22:41" sdm:devicename="ATSAME54N20A"/>
    <sdm:newdevice sdm:datetime="2019-12-12 10:22:41" sdm:devicename="ATSAMA5D27"/>
    <sdm:newdevice sdm:datetime="2019-12-12 10:22:41" sdm:devicename="ATSAMA5D28"/>
    <sdm:newdevice sdm:datetime="2019-12-12 10:22:41" sdm:devicename="ATSAMA5D21"/>
    <sdm:newdevice sdm:datetime="2019-12-12 10:22:41" sdm:devicename="ATSAMA5D22"/>
    <sdm:newdevice sdm:datetime="2019-12-12 10:22:41" sdm:devicename="ATSAMA5D23"/>
    <sdm:newdevice sdm:datetime="2019-12-12 10:22:41" sdm:devicename="ATSAMA5D24"/>
    <sdm:newdevice sdm:datetime="2019-12-12 10:22:41" sdm:devicename="ATSAMA5D26"/>
    <sdm:newdevice sdm:datetime="2019-12-12 10:22:41" sdm:devicename="PIC32CX1012BZ25048"/>
    <sdm:newdevice sdm:datetime="2019-12-12 10:22:41" sdm:devicename="PIC32CX1012BZ24032"/>
    <sdm:newdevice sdm:datetime="2019-12-12 10:22:41" sdm:devicename="PIC32CX1012BZ25032"/>
    <sdm:newdevice sdm:datetime="2019-12-12 10:22:41" sdm:devicename="PIC32CX1012BZ25048_FPGA"/>
    <sdm:newdevice sdm:datetime="2019-12-12 10:22:41" sdm:devicename="PIC32MK0256GPG048"/>
    <sdm:newdevice sdm:datetime="2019-12-12 10:22:41" sdm:devicename="PIC32MK0256GPG064"/>
    <sdm:newdevice sdm:datetime="2019-12-12 10:22:41" sdm:devicename="PIC32MK0512GPG048"/>
    <sdm:newdevice sdm:datetime="2019-12-12 10:22:41" sdm:devicename="PIC32MK0256GPH048"/>
    <sdm:newdevice sdm:datetime="2019-12-12 10:22:41" sdm:devicename="PIC32MK0256GPH064"/>
    <sdm:newdevice sdm:datetime="2019-12-12 10:22:41" sdm:devicename="PIC32MK0512GPH048"/>
    <sdm:newdevice sdm:datetime="2019-12-12 10:22:41" sdm:devicename="PIC32MK0512GPH064"/>
    <sdm:newdevice sdm:datetime="2019-12-12 10:22:41" sdm:devicename="PIC32MK0256MCJ048"/>
    <sdm:newdevice sdm:datetime="2019-12-12 10:22:41" sdm:devicename="PIC32MK0256MCJ064"/>
    <sdm:newdevice sdm:datetime="2019-12-12 10:22:41" sdm:devicename="PIC32MK0512GPG064"/>
    <sdm:newdevice sdm:datetime="2019-12-12 10:22:41" sdm:devicename="PIC32MK0512GPK064"/>
    <sdm:newdevice sdm:datetime="2019-12-12 10:22:41" sdm:devicename="PIC32MK0512GPK100"/>
    <sdm:newdevice sdm:datetime="2019-12-12 10:22:41" sdm:devicename="PIC32MK0512GPL064"/>
    <sdm:newdevice sdm:datetime="2019-12-12 10:22:41" sdm:devicename="PIC32MK0512GPL100"/>
    <sdm:newdevice sdm:datetime="2019-12-12 10:22:41" sdm:devicename="PIC32MK0512MCM064"/>
    <sdm:newdevice sdm:datetime="2019-12-12 10:22:41" sdm:devicename="PIC32MK0512MCM100"/>
    <sdm:newdevice sdm:datetime="2019-12-12 10:22:41" sdm:devicename="PIC32MK1024GPK064"/>
    <sdm:newdevice sdm:datetime="2019-12-12 10:22:41" sdm:devicename="PIC32MK1024GPK100"/>
    <sdm:newdevice sdm:datetime="2019-12-12 10:22:41" sdm:devicename="PIC32MK1024GPL064"/>
    <sdm:newdevice sdm:datetime="2019-12-12 10:22:41" sdm:devicename="PIC32MK1024GPL100"/>
    <sdm:newdevice sdm:datetime="2019-12-12 10:22:41" sdm:devicename="PIC32MK1024MCM064"/>
    <sdm:newdevice sdm:datetime="2019-12-12 10:22:41" sdm:devicename="PIC32MZ1025W104132"/>
    <sdm:newdevice sdm:datetime="2019-12-12 10:22:41" sdm:devicename="PIC32MZ1025DAK169"/>
    <sdm:newdevice sdm:datetime="2019-12-12 10:22:41" sdm:devicename="PIC32MZ1025DAK176"/>
    <sdm:newdevice sdm:datetime="2019-12-12 10:22:41" sdm:devicename="PIC32MZ1025DAL169"/>
    <sdm:newdevice sdm:datetime="2019-12-12 10:22:41" sdm:devicename="PIC32MZ1025DAL176"/>
    <sdm:newdevice sdm:datetime="2019-12-12 10:22:41" sdm:devicename="PIC32MZ1025DAR169"/>
    <sdm:newdevice sdm:datetime="2019-12-12 10:22:41" sdm:devicename="PIC32MZ1025DAR176"/>
    <sdm:newdevice sdm:datetime="2019-12-12 10:22:41" sdm:devicename="PIC32MZ1025DAS169"/>
    <sdm:newdevice sdm:datetime="2019-12-12 10:22:41" sdm:devicename="PIC32MZ1025DAS176"/>
    <sdm:newdevice sdm:datetime="2019-12-12 10:22:41" sdm:devicename="PIC32MZ1064DAK169"/>
    <sdm:newdevice sdm:datetime="2019-12-12 10:22:41" sdm:devicename="PIC32MZ1064DAK176"/>
    <sdm:newdevice sdm:datetime="2019-12-12 10:22:41" sdm:devicename="PIC32MZ1064DAL169"/>
    <sdm:newdevice sdm:datetime="2019-12-12 10:22:41" sdm:devicename="PIC32MZ1064DAL176"/>
    <sdm:newdevice sdm:datetime="2019-12-12 10:22:41" sdm:devicename="PIC32MZ1064DAR169"/>
    <sdm:newdevice sdm:datetime="2019-12-12 10:22:41" sdm:devicename="PIC32MZ1064DAR176"/>
    <sdm:newdevice sdm:datetime="2019-12-12 10:22:41" sdm:devicename="PIC32MZ1064DAS169"/>
    <sdm:newdevice sdm:datetime="2019-12-12 10:22:41" sdm:devicename="PIC32MZ1064DAS176"/>
    <sdm:newdevice sdm:datetime="2019-12-12 10:22:41" sdm:devicename="PIC32MZ2025DAK169"/>
    <sdm:newdevice sdm:datetime="2019-12-12 10:22:41" sdm:devicename="PIC32MZ2025DAK176"/>
    <sdm:newdevice sdm:datetime="2019-12-12 10:22:41" sdm:devicename="PIC32MZ2025DAL169"/>
    <sdm:newdevice sdm:datetime="2019-12-12 10:22:41" sdm:devicename="PIC32MZ2025DAL176"/>
    <sdm:newdevice sdm:datetime="2019-12-12 10:22:41" sdm:devicename="PIC32MZ2025DAR169"/>
    <sdm:newdevice sdm:datetime="2019-12-12 10:22:41" sdm:devicename="PIC32MZ2025DAR176"/>
    <sdm:newdevice sdm:datetime="2019-12-12 10:22:41" sdm:devicename="PIC32MZ2025DAS169"/>
    <sdm:newdevice sdm:datetime="2019-12-12 10:22:41" sdm:devicename="PIC32MZ2025DAS176"/>
    <sdm:newdevice sdm:datetime="2019-12-12 10:22:41" sdm:devicename="PIC32MZ2064DAK169"/>
    <sdm:newdevice sdm:datetime="2019-12-12 10:22:41" sdm:devicename="PIC32MZ2064DAK176"/>
    <sdm:newdevice sdm:datetime="2019-12-12 10:22:41" sdm:devicename="PIC32MZ2064DAL169"/>
    <sdm:newdevice sdm:datetime="2019-12-12 10:22:41" sdm:devicename="PIC32MZ2064DAL176"/>
    <sdm:newdevice sdm:datetime="2019-12-12 10:22:41" sdm:devicename="PIC32MZ2064DAR169"/>
    <sdm:newdevice sdm:datetime="2019-12-12 10:22:41" sdm:devicename="PIC32MZ2064DAR176"/>
    <sdm:newdevice sdm:datetime="2019-12-12 10:22:41" sdm:devicename="PIC32MZ2064DAS169"/>
    <sdm:newdevice sdm:datetime="2019-12-12 10:22:41" sdm:devicename="PIC32MZ2064DAS176"/>
    <sdm:newdevice sdm:datetime="2019-12-12 10:22:41" sdm:devicename="PIC32MK1024MCM100"/>
    <sdm:newdevice sdm:datetime="2019-12-12 10:22:41" sdm:devicename="PIC32MK0512MCJ048"/>
    <sdm:newdevice sdm:datetime="2019-12-12 10:22:41" sdm:devicename="PIC32MK0512MCJ064"/>
    <sdm:newdevice sdm:datetime="2019-12-12 10:22:41" sdm:devicename="PIC32MK0512MCJ064FPGA"/>
    <sdm:newdevice sdm:datetime="2019-12-12 10:24:41" sdm:devicename="CEC1712H_S2_SX"/>
    <sdm:newdevice sdm:datetime="2019-12-12 10:24:41" sdm:devicename="CEC1712H_B2_SX"/>
    <sdm:newdevice sdm:datetime="2019-12-13 08:38:42" sdm:devicename="ATSAMRH71F20C"/>
    <sdm:newdevice sdm:datetime="2020-02-04 08:25:45" sdm:devicename="PIC32CM1216LE00048"/>
    <sdm:newdevice sdm:datetime="2020-02-04 08:25:45" sdm:devicename="PIC32CM1216LE00064"/>
    <sdm:newdevice sdm:datetime="2020-02-04 08:25:45" sdm:devicename="PIC32CM1216LE00100"/>
    <sdm:newdevice sdm:datetime="2020-02-04 08:25:45" sdm:devicename="PIC32CM2532LE00048"/>
    <sdm:newdevice sdm:datetime="2020-02-04 08:25:45" sdm:devicename="PIC32CM2532LE00064"/>
    <sdm:newdevice sdm:datetime="2020-02-04 08:25:45" sdm:devicename="PIC32CM2532LE00100"/>
    <sdm:newdevice sdm:datetime="2020-02-04 08:25:45" sdm:devicename="PIC32CM1216LS00048"/>
    <sdm:newdevice sdm:datetime="2020-02-04 08:25:45" sdm:devicename="PIC32CM1216LS00064"/>
    <sdm:newdevice sdm:datetime="2020-02-04 08:25:45" sdm:devicename="PIC32CM1216LS00100"/>
    <sdm:newdevice sdm:datetime="2020-02-04 08:25:45" sdm:devicename="PIC32CM2532LS00048"/>
    <sdm:newdevice sdm:datetime="2020-02-04 08:25:45" sdm:devicename="PIC32CM2532LS00064"/>
    <sdm:newdevice sdm:datetime="2020-02-04 08:25:45" sdm:devicename="PIC32CM2532LS00100"/>
    <sdm:newdevice sdm:datetime="2020-02-04 08:25:45" sdm:devicename="PIC32CM1216LS60048"/>
    <sdm:newdevice sdm:datetime="2020-02-04 08:25:45" sdm:devicename="PIC32CM1216LS60064"/>
    <sdm:newdevice sdm:datetime="2020-02-04 08:25:45" sdm:devicename="PIC32CM1216LS60100"/>
    <sdm:newdevice sdm:datetime="2020-02-04 08:25:45" sdm:devicename="PIC32CM2532LS60048"/>
    <sdm:newdevice sdm:datetime="2020-02-04 08:25:45" sdm:devicename="PIC32CM2532LS60064"/>
    <sdm:newdevice sdm:datetime="2020-02-04 08:25:45" sdm:devicename="PIC32CM2532LS60100"/>
    <sdm:newdevice sdm:datetime="2020-02-05 11:24:00" sdm:devicename="PIC18F06Q41"/>
    <sdm:newdevice sdm:datetime="2020-02-05 11:24:00" sdm:devicename="PIC18F16Q41"/>
    <sdm:newdevice sdm:datetime="2020-02-05 11:24:00" sdm:devicename="PIC18F06Q40"/>
    <sdm:newdevice sdm:datetime="2020-02-05 11:24:00" sdm:devicename="PIC18F16Q40"/>
    <sdm:newdevice sdm:datetime="2020-02-26 16:48:03" sdm:devicename="PIC32CM1216MC00032"/>
    <sdm:newdevice sdm:datetime="2020-02-26 16:48:03" sdm:devicename="PIC32CM1216MC00048"/>
    <sdm:newdevice sdm:datetime="2020-02-26 16:48:03" sdm:devicename="PIC32CM3204MC00032"/>
    <sdm:newdevice sdm:datetime="2020-02-26 16:48:03" sdm:devicename="PIC32CM3204MC00048"/>
    <sdm:newdevice sdm:datetime="2020-02-26 16:48:03" sdm:devicename="PIC32CM6408MC00032"/>
    <sdm:newdevice sdm:datetime="2020-02-26 16:48:03" sdm:devicename="PIC32CM6408MC00048"/>
    <sdm:newdevice sdm:datetime="2020-02-26 16:48:03" sdm:devicename="PIC32CM5164LE00048"/>
    <sdm:newdevice sdm:datetime="2020-02-26 16:48:03" sdm:devicename="PIC32CM5164LE00064"/>
    <sdm:newdevice sdm:datetime="2020-02-26 16:48:03" sdm:devicename="PIC32CM5164LE00100"/>
    <sdm:newdevice sdm:datetime="2020-02-26 16:48:03" sdm:devicename="PIC32CM5164LS00048"/>
    <sdm:newdevice sdm:datetime="2020-02-26 16:48:03" sdm:devicename="PIC32CM5164LS00064"/>
    <sdm:newdevice sdm:datetime="2020-02-26 16:48:03" sdm:devicename="PIC32CM5164LS00100"/>
    <sdm:newdevice sdm:datetime="2020-02-26 16:48:03" sdm:devicename="PIC32CM5164LS60048"/>
    <sdm:newdevice sdm:datetime="2020-02-26 16:48:03" sdm:devicename="PIC32CM5164LS60064"/>
    <sdm:newdevice sdm:datetime="2020-02-26 16:48:03" sdm:devicename="PIC32CM5164LS60100"/>
    <sdm:newdevice sdm:datetime="2020-02-26 16:53:18" sdm:devicename="PIC18F04Q41"/>
    <sdm:newdevice sdm:datetime="2020-02-26 16:53:18" sdm:devicename="PIC18F05Q41"/>
    <sdm:newdevice sdm:datetime="2020-02-26 16:53:18" sdm:devicename="PIC18F14Q41"/>
    <sdm:newdevice sdm:datetime="2020-02-26 16:53:18" sdm:devicename="PIC18F15Q41"/>
    <sdm:newdevice sdm:datetime="2020-02-26 16:53:18" sdm:devicename="PIC18F05Q40"/>
    <sdm:newdevice sdm:datetime="2020-02-26 16:53:18" sdm:devicename="PIC18F04Q40"/>
    <sdm:newdevice sdm:datetime="2020-02-26 16:53:18" sdm:devicename="PIC18F14Q40"/>
    <sdm:newdevice sdm:datetime="2020-02-26 16:53:18" sdm:devicename="PIC18F15Q40"/>
    <sdm:newdevice sdm:datetime="2020-03-24 13:16:43" sdm:devicename="PIC32CM1216JH00032"/>
    <sdm:newdevice sdm:datetime="2020-03-24 13:16:43" sdm:devicename="PIC32CM1216JH00048"/>
    <sdm:newdevice sdm:datetime="2020-03-24 13:16:43" sdm:devicename="PIC32CM1216JH00064"/>
    <sdm:newdevice sdm:datetime="2020-03-24 13:16:43" sdm:devicename="PIC32CM1216JH00100"/>
    <sdm:newdevice sdm:datetime="2020-03-24 13:16:43" sdm:devicename="PIC32CM1216JH01032"/>
    <sdm:newdevice sdm:datetime="2020-03-24 13:16:43" sdm:devicename="PIC32CM1216JH01048"/>
    <sdm:newdevice sdm:datetime="2020-03-24 13:16:43" sdm:devicename="PIC32CM1216JH01064"/>
    <sdm:newdevice sdm:datetime="2020-03-24 13:16:43" sdm:devicename="PIC32CM1216JH01100"/>
    <sdm:newdevice sdm:datetime="2020-03-24 13:16:43" sdm:devicename="PIC32CM2532JH00032"/>
    <sdm:newdevice sdm:datetime="2020-03-24 13:16:43" sdm:devicename="PIC32CM2532JH00048"/>
    <sdm:newdevice sdm:datetime="2020-03-24 13:16:43" sdm:devicename="PIC32CM2532JH00064"/>
    <sdm:newdevice sdm:datetime="2020-03-24 13:16:43" sdm:devicename="PIC32CM2532JH00100"/>
    <sdm:newdevice sdm:datetime="2020-03-24 13:16:43" sdm:devicename="PIC32CM2532JH01032"/>
    <sdm:newdevice sdm:datetime="2020-03-24 13:16:43" sdm:devicename="PIC32CM2532JH01048"/>
    <sdm:newdevice sdm:datetime="2020-03-24 13:16:43" sdm:devicename="PIC32CM2532JH01064"/>
    <sdm:newdevice sdm:datetime="2020-03-24 13:16:43" sdm:devicename="PIC32CM2532JH01100"/>
    <sdm:newdevice sdm:datetime="2020-03-24 13:16:43" sdm:devicename="PIC32CM5164JH00032"/>
    <sdm:newdevice sdm:datetime="2020-03-24 13:16:43" sdm:devicename="PIC32CM5164JH00048"/>
    <sdm:newdevice sdm:datetime="2020-03-24 13:16:43" sdm:devicename="PIC32CM5164JH00064"/>
    <sdm:newdevice sdm:datetime="2020-03-24 13:16:43" sdm:devicename="PIC32CM5164JH00100"/>
    <sdm:newdevice sdm:datetime="2020-03-24 13:16:43" sdm:devicename="PIC32CM5164JH01032"/>
    <sdm:newdevice sdm:datetime="2020-03-24 13:16:43" sdm:devicename="PIC32CM5164JH01048"/>
    <sdm:newdevice sdm:datetime="2020-03-24 13:16:43" sdm:devicename="PIC32CM5164JH01064"/>
    <sdm:newdevice sdm:datetime="2020-03-24 13:16:43" sdm:devicename="PIC32CM5164JH01100"/>
    <sdm:newdevice sdm:datetime="2020-03-24 13:18:34" sdm:devicename="MEC1721N_B0_LJ"/>
    <sdm:newdevice sdm:datetime="2020-03-24 13:18:34" sdm:devicename="MEC1721N_B0_SZ"/>
    <sdm:newdevice sdm:datetime="2020-03-24 13:18:34" sdm:devicename="MEC1723N_B0_LJ"/>
    <sdm:newdevice sdm:datetime="2020-03-24 13:18:34" sdm:devicename="MEC1723N_B0_SZ"/>
    <sdm:newdevice sdm:datetime="2020-03-24 13:18:34" sdm:devicename="MEC1725N_B0_LJ"/>
    <sdm:newdevice sdm:datetime="2020-03-24 13:18:34" sdm:devicename="MEC5200M_D0_LJ"/>
    <sdm:newdevice sdm:datetime="2020-03-24 13:18:34" sdm:devicename="MEC1723N_F0_SZ"/>
    <sdm:newdevice sdm:datetime="2020-03-24 13:18:34" sdm:devicename="MEC1723N_P0_XX"/>
    <sdm:newdevice sdm:datetime="2020-03-24 13:18:34" sdm:devicename="MEC1523H_B0_SZ"/>
    <sdm:newdevice sdm:datetime="2020-04-17 11:40:24" sdm:devicename="MEC1521H_B0_SZ"/>
    <sdm:newdevice sdm:datetime="2020-04-17 11:40:24" sdm:devicename="MEC1521H_B0_TF"/>
    <sdm:newdevice sdm:datetime="2020-04-17 11:40:24" sdm:devicename="MEC1521H_B0_Z2"/>
    <sdm:newdevice sdm:datetime="2020-04-17 11:40:24" sdm:devicename="MEC1523H_L1_3Y"/>
    <sdm:newdevice sdm:datetime="2020-04-17 11:40:24" sdm:devicename="MEC1523H_L1_SZ"/>
    <sdm:newdevice sdm:datetime="2020-04-17 11:40:24" sdm:devicename="MEC1527H_B0_SZ"/>
    <sdm:newdevice sdm:datetime="2020-04-17 11:40:24" sdm:devicename="EEC1005_WC_UB1"/>
    <sdm:newdevice sdm:datetime="2020-04-17 11:40:24" sdm:devicename="EEC1005_SX1_UB1"/>
    <sdm:newdevice sdm:datetime="2020-05-07 13:08:55" sdm:devicename="PIC24FJ64GP202"/>
    <sdm:newdevice sdm:datetime="2020-05-07 13:08:55" sdm:devicename="PIC24FJ64GP203"/>
    <sdm:newdevice sdm:datetime="2020-05-07 13:08:55" sdm:devicename="PIC24FJ64GP205"/>
    <sdm:newdevice sdm:datetime="2020-05-07 13:08:55" sdm:devicename="PIC24FJ64GU202"/>
    <sdm:newdevice sdm:datetime="2020-05-07 13:08:55" sdm:devicename="PIC24FJ64GU203"/>
    <sdm:newdevice sdm:datetime="2020-05-07 13:08:55" sdm:devicename="PIC24FJ64GU205"/>
    <sdm:newdevice sdm:datetime="2020-05-07 13:08:55" sdm:devicename="PIC24FJ32GP202"/>
    <sdm:newdevice sdm:datetime="2020-05-07 13:08:55" sdm:devicename="PIC24FJ32GP203"/>
    <sdm:newdevice sdm:datetime="2020-05-07 13:08:55" sdm:devicename="PIC24FJ32GP205"/>
    <sdm:newdevice sdm:datetime="2020-05-07 13:08:55" sdm:devicename="PIC24FJ32GU202"/>
    <sdm:newdevice sdm:datetime="2020-05-07 13:08:55" sdm:devicename="PIC24FJ32GU203"/>
    <sdm:newdevice sdm:datetime="2020-05-07 13:08:55" sdm:devicename="PIC24FJ32GU205"/>
    <sdm:newdevice sdm:datetime="2020-05-14 15:53:38" sdm:devicename="ATSAMD21E17DU"/>
    <sdm:newdevice sdm:datetime="2020-05-14 16:45:46" sdm:devicename="ATSAMC21J17AU"/>
    <sdm:newdevice sdm:datetime="2020-05-14 16:45:46" sdm:devicename="ATSAMC21J18AU"/>
    <sdm:newdevice sdm:datetime="2020-05-26 06:59:27" sdm:devicename="dsPIC33CH256MP215"/>
    <sdm:newdevice sdm:datetime="2020-05-26 06:59:27" sdm:devicename="dsPIC33CH256MP215S1"/>
    <sdm:newdevice sdm:datetime="2020-05-26 06:59:27" sdm:devicename="dsPIC33CH256MP515"/>
    <sdm:newdevice sdm:datetime="2020-05-26 06:59:27" sdm:devicename="dsPIC33CH256MP515S1"/>
    <sdm:newdevice sdm:datetime="2020-05-26 06:59:27" sdm:devicename="dsPIC33CH256MP216"/>
    <sdm:newdevice sdm:datetime="2020-05-26 06:59:27" sdm:devicename="dsPIC33CH256MP216S1"/>
    <sdm:newdevice sdm:datetime="2020-05-26 06:59:27" sdm:devicename="dsPIC33CH256MP218"/>
    <sdm:newdevice sdm:datetime="2020-05-26 06:59:27" sdm:devicename="dsPIC33CH256MP218S1"/>
    <sdm:newdevice sdm:datetime="2020-05-26 06:59:27" sdm:devicename="dsPIC33CH256MP516"/>
    <sdm:newdevice sdm:datetime="2020-05-26 06:59:27" sdm:devicename="dsPIC33CH256MP516S1"/>
    <sdm:newdevice sdm:datetime="2020-05-26 06:59:27" sdm:devicename="dsPIC33CH256MP518"/>
    <sdm:newdevice sdm:datetime="2020-05-26 06:59:27" sdm:devicename="dsPIC33CH256MP518S1"/>
    <sdm:newdevice sdm:datetime="2020-05-26 06:59:27" sdm:devicename="ATSAMV70J19"/>
    <sdm:newdevice sdm:datetime="2020-05-26 06:59:27" sdm:devicename="ATSAMV70J20"/>
    <sdm:newdevice sdm:datetime="2020-05-26 06:59:27" sdm:devicename="ATSAMV70N19"/>
    <sdm:newdevice sdm:datetime="2020-05-26 06:59:27" sdm:devicename="ATSAMV70N20"/>
    <sdm:newdevice sdm:datetime="2020-05-26 06:59:27" sdm:devicename="ATSAMV70Q19"/>
    <sdm:newdevice sdm:datetime="2020-05-26 06:59:27" sdm:devicename="ATSAMV70Q20"/>
    <sdm:newdevice sdm:datetime="2020-05-26 06:59:27" sdm:devicename="ATSAMV71J19"/>
    <sdm:newdevice sdm:datetime="2020-05-26 06:59:27" sdm:devicename="ATSAMV71J20"/>
    <sdm:newdevice sdm:datetime="2020-05-26 06:59:27" sdm:devicename="ATSAMV71J21"/>
    <sdm:newdevice sdm:datetime="2020-05-26 06:59:27" sdm:devicename="ATSAMV71N19"/>
    <sdm:newdevice sdm:datetime="2020-05-26 06:59:27" sdm:devicename="ATSAMV71N20"/>
    <sdm:newdevice sdm:datetime="2020-05-26 06:59:27" sdm:devicename="ATSAMV71N21"/>
    <sdm:newdevice sdm:datetime="2020-05-26 06:59:27" sdm:devicename="ATSAMV71Q19"/>
    <sdm:newdevice sdm:datetime="2020-05-26 06:59:27" sdm:devicename="ATSAMV71Q20"/>
    <sdm:newdevice sdm:datetime="2020-05-26 06:59:27" sdm:devicename="PIC32CK2051SG03144"/>
    <sdm:newdevice sdm:datetime="2020-05-26 06:59:27" sdm:devicename="PIC32CK2051SG03144S1"/>
    <sdm:newdevice sdm:datetime="2020-05-26 06:59:27" sdm:devicename="PIC32CK2051SG03144_FPGA"/>
    <sdm:newdevice sdm:datetime="2020-05-26 06:59:27" sdm:devicename="PIC32CK2051SG03144S1_FPGA"/>
    <sdm:newdevice sdm:datetime="2020-05-26 07:02:02" sdm:devicename="MEC1723N_P0_9Y"/>
    <sdm:newdevice sdm:datetime="2020-06-16 08:49:45" sdm:devicename="dsPIC33A"/>
    <sdm:newdevice sdm:datetime="2020-06-16 08:53:59" sdm:devicename="ATSAMD21G17AU"/>
    <sdm:newdevice sdm:datetime="2020-06-16 08:53:59" sdm:devicename="ATSAMD21G18AU"/>
    <sdm:newdevice sdm:datetime="2020-07-02 16:56:29" sdm:devicename="USB70XX"/>
    <sdm:newdevice sdm:datetime="2020-07-02 16:56:29" sdm:devicename="USB72XXA0"/>
    <sdm:newdevice sdm:datetime="2020-07-02 16:56:29" sdm:devicename="USB72XX"/>
    <sdm:newdevice sdm:datetime="2020-07-02 16:56:29" sdm:devicename="USB249XX"/>
    <sdm:newdevice sdm:datetime="2020-07-14 09:42:37" sdm:devicename="ATSAMR21E16A"/>
    <sdm:newdevice sdm:datetime="2020-07-14 09:42:37" sdm:devicename="ATSAMR21E17A"/>
    <sdm:newdevice sdm:datetime="2020-07-14 09:42:37" sdm:devicename="ATSAMR21E18A"/>
    <sdm:newdevice sdm:datetime="2020-07-14 09:42:37" sdm:devicename="ATSAMR21E19A"/>
    <sdm:newdevice sdm:datetime="2020-07-14 09:42:37" sdm:devicename="ATSAMR21G16A"/>
    <sdm:newdevice sdm:datetime="2020-07-14 09:42:37" sdm:devicename="ATSAMR21G17A"/>
    <sdm:newdevice sdm:datetime="2020-07-14 09:42:37" sdm:devicename="ATSAMR21G18A"/>
    <sdm:newdevice sdm:datetime="2020-07-14 09:42:37" sdm:devicename="ATSAMR30E18A"/>
    <sdm:newdevice sdm:datetime="2020-07-14 09:42:37" sdm:devicename="ATSAMR30G18A"/>
    <sdm:newdevice sdm:datetime="2020-07-14 09:42:37" sdm:devicename="ATSAMR34J16B"/>
    <sdm:newdevice sdm:datetime="2020-07-14 09:42:37" sdm:devicename="ATSAMR34J17B"/>
    <sdm:newdevice sdm:datetime="2020-07-14 09:42:37" sdm:devicename="ATSAMR34J18B"/>
    <sdm:newdevice sdm:datetime="2020-07-14 09:42:37" sdm:devicename="ATSAMR35J16B"/>
    <sdm:newdevice sdm:datetime="2020-07-14 09:42:37" sdm:devicename="ATSAMR35J17B"/>
    <sdm:newdevice sdm:datetime="2020-07-14 09:42:37" sdm:devicename="ATSAMR35J18B"/>
  </sdm:devicechanges>
  <sdm:profiledef sdm:profilename="ejtagonlyiflowtrace2" sdm:profilesupported="no"/>
</sdm:sdm>
