<sdm:sdm xmlns:sdm="http://crownking/sdm" xmlns:xsi="http://www.w3.org/2001/XMLSchema-instance" xsi:schemaLocation="http://crownking/sdm ../../schema/sdm/sdm.xsd">
  <sdm:version sdm:filename="sdmRealICE4.xml" sdm:major="0" sdm:minor="0" sdm:rev="0"/>
  <sdm:devicecapabilities>
    <sdm:device sdm:devicename="PIC32MZ0512EFE064" sdm:profile="ejtagonlyiflowtrace2"/>
    <sdm:device sdm:devicename="PIC32MZ0512EFE100" sdm:profile="ejtagonlyiflowtrace2"/>
    <sdm:device sdm:devicename="PIC32MZ0512EFE124" sdm:profile="ejtagonlyiflowtrace2"/>
    <sdm:device sdm:devicename="PIC32MZ0512EFE144" sdm:profile="ejtagonlyiflowtrace2"/>
    <sdm:device sdm:devicename="PIC32MZ0512EFF064" sdm:profile="ejtagonlyiflowtrace2"/>
    <sdm:device sdm:devicename="PIC32MZ0512EFF100" sdm:profile="ejtagonlyiflowtrace2"/>
    <sdm:device sdm:devicename="PIC32MZ0512EFF124" sdm:profile="ejtagonlyiflowtrace2"/>
    <sdm:device sdm:devicename="PIC32MZ0512EFF144" sdm:profile="ejtagonlyiflowtrace2"/>
    <sdm:device sdm:devicename="PIC32MZ0512EFK064" sdm:profile="ejtagonlyiflowtrace2"/>
    <sdm:device sdm:devicename="PIC32MZ0512EFK100" sdm:profile="ejtagonlyiflowtrace2"/>
    <sdm:device sdm:devicename="PIC32MZ0512EFK124" sdm:profile="ejtagonlyiflowtrace2"/>
    <sdm:device sdm:devicename="PIC32MZ0512EFK144" sdm:profile="ejtagonlyiflowtrace2"/>
    <sdm:device sdm:devicename="PIC32MZ1024EFE064" sdm:profile="ejtagonlyiflowtrace2"/>
    <sdm:device sdm:devicename="PIC32MZ1024EFE100" sdm:profile="ejtagonlyiflowtrace2"/>
    <sdm:device sdm:devicename="PIC32MZ1024EFE124" sdm:profile="ejtagonlyiflowtrace2"/>
    <sdm:device sdm:devicename="PIC32MZ1024EFE144" sdm:profile="ejtagonlyiflowtrace2"/>
    <sdm:device sdm:devicename="PIC32MZ1024EFF064" sdm:profile="ejtagonlyiflowtrace2"/>
    <sdm:device sdm:devicename="PIC32MZ1024EFF100" sdm:profile="ejtagonlyiflowtrace2"/>
    <sdm:device sdm:devicename="PIC32MZ1024EFF124" sdm:profile="ejtagonlyiflowtrace2"/>
    <sdm:device sdm:devicename="PIC32MZ1024EFF144" sdm:profile="ejtagonlyiflowtrace2"/>
    <sdm:device sdm:devicename="PIC32MZ1024EFG064" sdm:profile="ejtagonlyiflowtrace2"/>
    <sdm:device sdm:devicename="PIC32MZ1024EFG100" sdm:profile="ejtagonlyiflowtrace2"/>
    <sdm:device sdm:devicename="PIC32MZ1024EFG124" sdm:profile="ejtagonlyiflowtrace2"/>
    <sdm:device sdm:devicename="PIC32MZ1024EFG144" sdm:profile="ejtagonlyiflowtrace2"/>
    <sdm:device sdm:devicename="PIC32MZ1024EFH064" sdm:profile="ejtagonlyiflowtrace2"/>
    <sdm:device sdm:devicename="PIC32MZ1024EFH100" sdm:profile="ejtagonlyiflowtrace2"/>
    <sdm:device sdm:devicename="PIC32MZ1024EFH124" sdm:profile="ejtagonlyiflowtrace2"/>
    <sdm:device sdm:devicename="PIC32MZ1024EFH144" sdm:profile="ejtagonlyiflowtrace2"/>
    <sdm:device sdm:devicename="PIC32MZ1024EFK064" sdm:profile="ejtagonlyiflowtrace2"/>
    <sdm:device sdm:devicename="PIC32MZ1024EFK100" sdm:profile="ejtagonlyiflowtrace2"/>
    <sdm:device sdm:devicename="PIC32MZ1024EFK124" sdm:profile="ejtagonlyiflowtrace2"/>
    <sdm:device sdm:devicename="PIC32MZ1024EFK144" sdm:profile="ejtagonlyiflowtrace2"/>
    <sdm:device sdm:devicename="PIC32MZ1024EFM064" sdm:profile="ejtagonlyiflowtrace2"/>
    <sdm:device sdm:devicename="PIC32MZ1024EFM100" sdm:profile="ejtagonlyiflowtrace2"/>
    <sdm:device sdm:devicename="PIC32MZ1024EFM124" sdm:profile="ejtagonlyiflowtrace2"/>
    <sdm:device sdm:devicename="PIC32MZ1024EFM144" sdm:profile="ejtagonlyiflowtrace2"/>
    <sdm:device sdm:devicename="PIC32MZ2048EFG064" sdm:profile="ejtagonlyiflowtrace2"/>
    <sdm:device sdm:devicename="PIC32MZ2048EFG100" sdm:profile="ejtagonlyiflowtrace2"/>
    <sdm:device sdm:devicename="PIC32MZ2048EFG124" sdm:profile="ejtagonlyiflowtrace2"/>
    <sdm:device sdm:devicename="PIC32MZ2048EFG144" sdm:profile="ejtagonlyiflowtrace2"/>
    <sdm:device sdm:devicename="PIC32MZ2048EFH064" sdm:profile="ejtagonlyiflowtrace2"/>
    <sdm:device sdm:devicename="PIC32MZ2048EFH100" sdm:profile="ejtagonlyiflowtrace2"/>
    <sdm:device sdm:devicename="PIC32MZ2048EFH124" sdm:profile="ejtagonlyiflowtrace2"/>
    <sdm:device sdm:devicename="PIC32MZ2048EFH144" sdm:profile="ejtagonlyiflowtrace2"/>
    <sdm:device sdm:devicename="PIC32MZ2048EFM064" sdm:profile="ejtagonlyiflowtrace2"/>
    <sdm:device sdm:devicename="PIC32MZ2048EFM100" sdm:profile="ejtagonlyiflowtrace2"/>
    <sdm:device sdm:devicename="PIC32MZ2048EFM124" sdm:profile="ejtagonlyiflowtrace2"/>
    <sdm:device sdm:devicename="PIC32MZ2048EFM144" sdm:profile="ejtagonlyiflowtrace2"/>
  </sdm:devicecapabilities>
  <sdm:devicechanges/>
  <sdm:profiledef sdm:profilename="ejtagonlyiflowtrace2" sdm:profilesupported="yes">
    <sdm:debuggermodule/>
    <sdm:datastreams>
      <sdm:stream sdm:type="runtimewatch">
        <sdm:canuse sdm:connection="3" sdm:decodescheme="iflowtrace2" sdm:default="true" sdm:interleave="no" sdm:resource="iflowtrace" sdm:stallonfull="yes" sdm:supportedwidths="1,2,4"/>
      </sdm:stream>
      <sdm:stream sdm:type="trace">
        <sdm:canuse sdm:connection="3" sdm:decodescheme="iflowtrace2" sdm:default="true" sdm:interleave="no" sdm:resource="iflowtrace" sdm:stallonfull="yes"/>
      </sdm:stream>
      <sdm:stream sdm:type="generic">
        <sdm:canuse sdm:connection="3" sdm:decodescheme="raw" sdm:request="powermonitor" sdm:resource="debuggermodule-datacapture"/>
      </sdm:stream>
    </sdm:datastreams>
  </sdm:profiledef>
</sdm:sdm>
